[
  {
    "id": "b52cb751-a1db-4178-ab32-4f26850c7761",
    "data": [
      {
        "text": "এখানে স্বাগতম",
        "userDefined": false
      }
    ],
    "isTemplate": false,
    "count": 0,
    "lang": "bn",
    "updated": 0
  },
  {
    "id": "e042b4b3-e2c0-4662-b1f8-f2bbe1148df0",
    "data": [
      {
        "text": "স্বাগতম",
        "userDefined": false
      }
    ],
    "isTemplate": false,
    "count": 0,
    "lang": "bn",
    "updated": 0
  },
  {
    "id": "a0cb6e99-dcd5-48b6-9f66-e89bf07d2f36",
    "data": [
      {
        "text": "তোমাকে অনেক অনেক স্বাগতম",
        "userDefined": false
      }
    ],
    "isTemplate": false,
    "count": 0,
    "lang": "bn",
    "updated": 0
  },
  {
    "id": "df57e5d9-cf92-4626-a552-75404b994fc2",
    "data": [
      {
        "text": "এটা আমার আনন্দ",
        "userDefined": false
      }
    ],
    "isTemplate": false,
    "count": 0,
    "lang": "bn",
    "updated": 0
  },
  {
    "id": "10a64946-aa05-481c-96fe-6cb4b8f15bc3",
    "data": [
      {
        "text": "নিশ্চিত স্বাগতম",
        "userDefined": false
      }
    ],
    "isTemplate": false,
    "count": 0,
    "lang": "bn",
    "updated": 0
  },
  {
    "id": "968053d9-08fd-4fdd-aa70-0a2021cc9d37",
    "data": [
      {
        "text": "আমার আনন্দ",
        "userDefined": false
      }
    ],
    "isTemplate": false,
    "count": 0,
    "lang": "bn",
    "updated": 0
  },
  {
    "id": "698eec45-60c7-4c86-ade3-6d01ce92f46f",
    "data": [
      {
        "text": "তোমাকে স্বাগতম",
        "userDefined": false
      }
    ],
    "isTemplate": false,
    "count": 0,
    "lang": "bn",
    "updated": 0
  }
]